{
    "model_file": "resnet152_bp_model_complete.pth",
    "timestamp": "2025-11-16 19:58:31",
    "architecture": "ResNet152",
    "total_parameters": 19442626,
    "model_size_mb": 74.16773223876953,
    "training": {
        "epochs": 20,
        "batch_size": 64,
        "initial_lr": 0.0003,
        "final_lr": 0.0003,
        "best_val_loss": 131.3470438639323
    },
    "test_performance": {
        "sbp_mae": 14.534127235412598,
        "dbp_mae": 12.05865478515625,
        "sbp_rmse": 17.92160415649414,
        "dbp_rmse": 13.894485473632812,
        "sbp_me": -13.140304565429688,
        "dbp_me": -10.420355796813965,
        "sbp_std": 12.186723709106445,
        "dbp_std": 9.190914154052734
    }
}